keys,ru,en
GAME_TITLE,Блокпати,Blockparty
BOOT_LOADING,Инициализация…,Initializing…
OFFLINE_TITLE,Steam не запущен,Steam is not running
OFFLINE_TEXT,"Запустите Steam и перезапустите игру. Либо продолжите офлайн в режиме разработки (сеть ENet на локальной машине).","Start Steam and relaunch the game. Or continue offline in development mode (ENet networking on the local machine)."
OFFLINE_PLAY,Играть офлайн (режим разработки),Play offline (development mode)
OFFLINE_QUIT,Выход,Quit
MENU_TITLE,Главное меню,Main Menu
MENU_STUB,"Каркас проекта (этап 0). Одиночный геймплей появится на этапе 1.","Project skeleton (stage 0). Single-player gameplay arrives at stage 1."
LOBBY_STUB,Лобби — заглушка этапа 0,Lobby — stage 0 stub
RUN_STUB,Забег — заглушка этапа 0,Run — stage 0 stub
RESULTS_STUB,Результаты — заглушка этапа 0,Results — stage 0 stub
